"","Country","Year","GC_Top Marginal Rates"
"1","JPN",1964,0.7
"2","JPN",1965,0.7
"3","JPN",1966,0.7
"4","JPN",1967,0.7
"5","JPN",1968,0.7
"6","JPN",1969,0.7
"7","JPN",1970,0.7
"8","JPN",1971,0.7
"9","JPN",1972,0.7
"10","JPN",1973,0.7
"11","JPN",1974,0.7
"12","JPN",1975,0.75
"13","JPN",1976,0.75
"14","JPN",1977,0.75
"15","JPN",1978,0.75
"16","JPN",1979,0.75
"17","JPN",1980,0.75
"18","JPN",1981,0.75
"19","JPN",1982,0.75
"20","JPN",1983,0.75
"21","JPN",1984,0.75
"22","JPN",1985,0.75
"23","JPN",1986,0.75
"24","JPN",1987,0.75
"25","JPN",1988,0.7
"26","JPN",1989,0.7
"27","JPN",1990,0.7
"28","JPN",1991,0.7
"29","JPN",1992,0.7
"30","JPN",1993,0.7
"31","JPN",1994,0.7
"32","JPN",1995,0.7
"33","JPN",1996,0.7
"34","JPN",1997,0.7
"35","JPN",1998,0.7
"36","JPN",1999,0.7
"37","JPN",2000,0.7
"38","JPN",2001,0.7
"39","JPN",2002,0.7
"40","JPN",2003,0.5
"41","JPN",2004,0.5
"42","JPN",2005,0.5
"43","JPN",2006,0.5
"44","JPN",2007,0.5
"45","JPN",2008,0.5
"46","JPN",2009,0.5
"47","JPN",2010,0.5
"48","JPN",2011,0.5
"49","JPN",2012,0.5
"50","JPN",2013,0.5
"51","JPN",2014,0.5
"52","JPN",2015,0.55
"53","JPN",2016,0.55
"54","JPN",2017,0.55
"55","JPN",2018,0.55
"56","JPN",2019,0.55
"57","JPN",2020,0.55
"58","JPN",2021,0.55
"59","USA",1964,0.77
"60","USA",1965,0.77
"61","USA",1966,0.77
"62","USA",1967,0.77
"63","USA",1968,0.77
"64","USA",1969,0.77
"65","USA",1970,0.77
"66","USA",1971,0.77
"67","USA",1972,0.77
"68","USA",1973,0.77
"69","USA",1974,0.77
"70","USA",1975,0.77
"71","USA",1976,0.7
"72","USA",1977,0.7
"73","USA",1978,0.7
"74","USA",1979,0.7
"75","USA",1980,0.7
"76","USA",1981,0.7
"77","USA",1982,0.65
"78","USA",1983,0.6
"79","USA",1984,0.55
"80","USA",1985,0.55
"81","USA",1986,0.55
"82","USA",1987,0.55
"83","USA",1988,0.55
"84","USA",1989,0.55
"85","USA",1990,0.55
"86","USA",1991,0.55
"87","USA",1992,0.55
"88","USA",1993,0.55
"89","USA",1994,0.55
"90","USA",1995,0.55
"91","USA",1996,0.55
"92","USA",1997,0.55
"93","USA",1998,0.55
"94","USA",1999,0.55
"95","USA",2000,0.55
"96","USA",2001,0.55
"97","USA",2002,0.5
"98","USA",2003,0.49
"99","USA",2004,0.48
"100","USA",2005,0.47
"101","USA",2006,0.46
"102","USA",2007,0.45
"103","USA",2008,0.45
"104","USA",2009,0.45
"105","USA",2010,0.35
"106","USA",2011,0.35
"107","USA",2012,0.35
"108","USA",2013,0.4
"109","USA",2014,0.4
"110","USA",2015,0.4
"111","USA",2016,0.4
"112","USA",2017,0.4
"113","USA",2018,0.4
"114","USA",2019,0.4
"115","USA",2020,0.4
"116","USA",2021,0.4
"117","KOR",1964,0.3
"118","KOR",1965,0.3
"119","KOR",1966,0.3
"120","KOR",1967,0.3
"121","KOR",1968,0.7
"122","KOR",1969,0.7
"123","KOR",1970,0.7
"124","KOR",1971,0.7
"125","KOR",1972,0.7
"126","KOR",1973,0.7
"127","KOR",1974,0.7
"128","KOR",1975,0.75
"129","KOR",1976,0.75
"130","KOR",1977,0.75
"131","KOR",1978,0.75
"132","KOR",1979,0.75
"133","KOR",1980,0.67
"134","KOR",1981,0.67
"135","KOR",1982,0.6
"136","KOR",1983,0.6
"137","KOR",1984,0.6
"138","KOR",1985,0.6
"139","KOR",1986,0.6
"140","KOR",1987,0.6
"141","KOR",1988,0.6
"142","KOR",1989,0.55
"143","KOR",1990,0.55
"144","KOR",1991,0.55
"145","KOR",1992,0.55
"146","KOR",1993,0.55
"147","KOR",1994,0.5
"148","KOR",1995,0.4
"149","KOR",1996,0.4
"150","KOR",1997,0.45
"151","KOR",1998,0.45
"152","KOR",1999,0.45
"153","KOR",2000,0.5
"154","KOR",2001,0.5
"155","KOR",2002,0.5
"156","KOR",2003,0.5
"157","KOR",2004,0.5
"158","KOR",2005,0.5
"159","KOR",2006,0.5
"160","KOR",2007,0.5
"161","KOR",2008,0.5
"162","KOR",2009,0.5
"163","KOR",2010,0.5
"164","KOR",2011,0.5
"165","KOR",2012,0.5
"166","KOR",2013,0.5
"167","KOR",2014,0.5
"168","KOR",2015,0.5
"169","KOR",2016,0.5
"170","KOR",2017,0.5
"171","KOR",2018,0.5
"172","KOR",2019,0.5
"173","KOR",2020,0.5
"174","KOR",2021,0.5
"175","GBR",1964,0.8
"176","GBR",1965,0.8
"177","GBR",1966,0.8
"178","GBR",1967,0.8
"179","GBR",1968,0.8
"180","GBR",1969,0.8
"181","GBR",1970,0.8
"182","GBR",1971,0.8
"183","GBR",1972,0.8
"184","GBR",1973,0.8
"185","GBR",1974,0.8
"186","GBR",1975,0.75
"187","GBR",1976,0.75
"188","GBR",1977,0.75
"189","GBR",1978,0.75
"190","GBR",1979,0.75
"191","GBR",1980,0.75
"192","GBR",1981,0.75
"193","GBR",1982,0.75
"194","GBR",1983,0.75
"195","GBR",1984,0.6
"196","GBR",1985,0.6
"197","GBR",1986,0.6
"198","GBR",1987,0.6
"199","GBR",1988,0.4
"200","GBR",1989,0.4
"201","GBR",1990,0.4
"202","GBR",1991,0.4
"203","GBR",1992,0.4
"204","GBR",1993,0.4
"205","GBR",1994,0.4
"206","GBR",1995,0.4
"207","GBR",1996,0.4
"208","GBR",1997,0.4
"209","GBR",1998,0.4
"210","GBR",1999,0.4
"211","GBR",2000,0.4
"212","GBR",2001,0.4
"213","GBR",2002,0.4
"214","GBR",2003,0.4
"215","GBR",2004,0.4
"216","GBR",2005,0.4
"217","GBR",2006,0.4
"218","GBR",2007,0.4
"219","GBR",2008,0.4
"220","GBR",2009,0.4
"221","GBR",2010,0.4
"222","GBR",2011,0.4
"223","GBR",2012,0.4
"224","GBR",2013,0.4
"225","GBR",2014,0.4
"226","GBR",2015,0.4
"227","GBR",2016,0.4
"228","GBR",2017,0.4
"229","GBR",2018,0.4
"230","GBR",2019,0.4
"231","GBR",2020,0.4
"232","GBR",2021,0.4
"233","IRL",1964,0.4
"234","IRL",1965,0.4
"235","IRL",1966,0.4
"236","IRL",1967,0.4
"237","IRL",1968,0.4
"238","IRL",1969,0.4
"239","IRL",1970,0.4
"240","IRL",1971,0.4
"241","IRL",1972,0.55
"242","IRL",1973,0.55
"243","IRL",1974,0.55
"244","IRL",1975,0.5
"245","IRL",1976,0.5
"246","IRL",1977,0.5
"247","IRL",1978,0.5
"248","IRL",1979,0.5
"249","IRL",1980,0.5
"250","IRL",1981,0.5
"251","IRL",1982,0.5
"252","IRL",1983,0.5
"253","IRL",1984,0.55
"254","IRL",1985,0.55
"255","IRL",1986,0.55
"256","IRL",1987,0.55
"257","IRL",1988,0.55
"258","IRL",1989,0.55
"259","IRL",1990,0.55
"260","IRL",1991,0.4
"261","IRL",1992,0.4
"262","IRL",1993,0.4
"263","IRL",1994,0.4
"264","IRL",1995,0.4
"265","IRL",1996,0.4
"266","IRL",1997,0.4
"267","IRL",1998,0.4
"268","IRL",1999,0.4
"269","IRL",2000,0.2
"270","IRL",2001,0.2
"271","IRL",2002,0.2
"272","IRL",2003,0.2
"273","IRL",2004,0.2
"274","IRL",2005,0.2
"275","IRL",2006,0.2
"276","IRL",2007,0.2
"277","IRL",2008,0.2
"278","IRL",2009,0.25
"279","IRL",2010,0.25
"280","IRL",2011,0.25
"281","IRL",2012,0.3
"282","IRL",2013,0.33
"283","IRL",2014,0.33
"284","IRL",2015,0.33
"285","IRL",2016,0.33
"286","IRL",2017,0.33
"287","IRL",2018,0.33
"288","IRL",2019,0.33
"289","IRL",2020,0.33
"290","IRL",2021,0.33
"291","SWE",1964,0.6
"292","SWE",1965,0.6
"293","SWE",1966,0.6
"294","SWE",1967,0.6
"295","SWE",1968,0.6
"296","SWE",1969,0.6
"297","SWE",1970,0.6
"298","SWE",1971,0.65
"299","SWE",1972,0.65
"300","SWE",1973,0.65
"301","SWE",1974,0.65
"302","SWE",1975,0.65
"303","SWE",1976,0.65
"304","SWE",1977,0.65
"305","SWE",1978,0.65
"306","SWE",1979,0.65
"307","SWE",1980,0.65
"308","SWE",1981,0.65
"309","SWE",1982,0.65
"310","SWE",1983,0.7
"311","SWE",1984,0.7
"312","SWE",1985,0.7
"313","SWE",1986,0.7
"314","SWE",1987,0.6
"315","SWE",1988,0.6
"316","SWE",1989,0.6
"317","SWE",1990,0.6
"318","SWE",1991,0.6
"319","SWE",1992,0.3
"320","SWE",1993,0.3
"321","SWE",1994,0.3
"322","SWE",1995,0.3
"323","SWE",1996,0.3
"324","SWE",1997,0.3
"325","SWE",1998,0.3
"326","SWE",1999,0.3
"327","SWE",2000,0.3
"328","SWE",2001,0.3
"329","SWE",2002,0.3
"330","SWE",2003,0.3
"331","SWE",2004,0.3
"332","SWE",2005,0
"333","SWE",2006,0
"334","SWE",2007,0
"335","SWE",2008,0
"336","SWE",2009,0
"337","SWE",2010,0
"338","SWE",2011,0
"339","SWE",2012,0
"340","SWE",2013,0
"341","SWE",2014,0
"342","SWE",2015,0
"343","SWE",2016,0
"344","SWE",2017,0
"345","SWE",2018,0
"346","SWE",2019,0
"347","SWE",2020,0
"348","SWE",2021,0
"349","FRA",1964,0.15
"350","FRA",1965,0.15
"351","FRA",1966,0.15
"352","FRA",1967,0.15
"353","FRA",1968,0.15
"354","FRA",1969,0.15
"355","FRA",1970,0.2
"356","FRA",1971,0.2
"357","FRA",1972,0.2
"358","FRA",1973,0.2
"359","FRA",1974,0.2
"360","FRA",1975,0.2
"361","FRA",1976,0.2
"362","FRA",1977,0.2
"363","FRA",1978,0.2
"364","FRA",1979,0.2
"365","FRA",1980,0.2
"366","FRA",1981,0.2
"367","FRA",1982,0.2
"368","FRA",1983,0.4
"369","FRA",1984,0.4
"370","FRA",1985,0.4
"371","FRA",1986,0.4
"372","FRA",1987,0.4
"373","FRA",1988,0.4
"374","FRA",1989,0.4
"375","FRA",1990,0.4
"376","FRA",1991,0.4
"377","FRA",1992,0.4
"378","FRA",1993,0.4
"379","FRA",1994,0.4
"380","FRA",1995,0.4
"381","FRA",1996,0.4
"382","FRA",1997,0.4
"383","FRA",1998,0.4
"384","FRA",1999,0.4
"385","FRA",2000,0.4
"386","FRA",2001,0.4
"387","FRA",2002,0.4
"388","FRA",2003,0.4
"389","FRA",2004,0.4
"390","FRA",2005,0.4
"391","FRA",2006,0.4
"392","FRA",2007,0.4
"393","FRA",2008,0.4
"394","FRA",2009,0.4
"395","FRA",2010,0.4
"396","FRA",2011,0.4
"397","FRA",2012,0.45
"398","FRA",2013,0.45
"399","FRA",2014,0.45
"400","FRA",2015,0.45
"401","FRA",2016,0.45
"402","FRA",2017,0.45
"403","FRA",2018,0.45
"404","FRA",2019,0.45
"405","FRA",2020,0.45
"406","FRA",2021,0.45
"407","DEU",1964,0.15
"408","DEU",1965,0.15
"409","DEU",1966,0.15
"410","DEU",1967,0.15
"411","DEU",1968,0.15
"412","DEU",1969,0.15
"413","DEU",1970,0.15
"414","DEU",1971,0.15
"415","DEU",1972,0.15
"416","DEU",1973,0.15
"417","DEU",1974,0.35
"418","DEU",1975,0.35
"419","DEU",1976,0.35
"420","DEU",1977,0.35
"421","DEU",1978,0.35
"422","DEU",1979,0.35
"423","DEU",1980,0.35
"424","DEU",1981,0.35
"425","DEU",1982,0.35
"426","DEU",1983,0.35
"427","DEU",1984,0.35
"428","DEU",1985,0.35
"429","DEU",1986,0.35
"430","DEU",1987,0.35
"431","DEU",1988,0.35
"432","DEU",1989,0.35
"433","DEU",1990,0.35
"434","DEU",1991,0.35
"435","DEU",1992,0.35
"436","DEU",1993,0.35
"437","DEU",1994,0.35
"438","DEU",1995,0.35
"439","DEU",1996,0.35
"440","DEU",1997,0.3
"441","DEU",1998,0.3
"442","DEU",1999,0.3
"443","DEU",2000,0.3
"444","DEU",2001,0.3
"445","DEU",2002,0.3
"446","DEU",2003,0.3
"447","DEU",2004,0.3
"448","DEU",2005,0.3
"449","DEU",2006,0.3
"450","DEU",2007,0.3
"451","DEU",2008,0.3
"452","DEU",2009,0.3
"453","DEU",2010,0.3
"454","DEU",2011,0.3
"455","DEU",2012,0.3
"456","DEU",2013,0.3
"457","DEU",2014,0.3
"458","DEU",2015,0.3
"459","DEU",2016,0.3
"460","DEU",2017,0.3
"461","DEU",2018,0.3
"462","DEU",2019,0.3
"463","DEU",2020,0.3
"464","DEU",2021,0.3
"465","DNK",1964,0.2
"466","DNK",1965,0.2
"467","DNK",1966,0.2
"468","DNK",1967,0.2
"469","DNK",1968,0.2
"470","DNK",1969,0.2
"471","DNK",1970,0.2
"472","DNK",1971,0.2
"473","DNK",1972,0.32
"474","DNK",1973,0.32
"475","DNK",1974,0.32
"476","DNK",1975,0.32
"477","DNK",1976,0.32
"478","DNK",1977,0.32
"479","DNK",1978,0.32
"480","DNK",1979,0.32
"481","DNK",1980,0.32
"482","DNK",1981,0.32
"483","DNK",1982,0.32
"484","DNK",1983,0.32
"485","DNK",1984,0.32
"486","DNK",1985,0.32
"487","DNK",1986,0.32
"488","DNK",1987,0.32
"489","DNK",1988,0.32
"490","DNK",1989,0.32
"491","DNK",1990,0.32
"492","DNK",1991,0.32
"493","DNK",1992,0.32
"494","DNK",1993,0.32
"495","DNK",1994,0.32
"496","DNK",1995,0.15
"497","DNK",1996,0.15
"498","DNK",1997,0.15
"499","DNK",1998,0.15
"500","DNK",1999,0.15
"501","DNK",2000,0.15
"502","DNK",2001,0.15
"503","DNK",2002,0.15
"504","DNK",2003,0.15
"505","DNK",2004,0.15
"506","DNK",2005,0.15
"507","DNK",2006,0.15
"508","DNK",2007,0.15
"509","DNK",2008,0.15
"510","DNK",2009,0.15
"511","DNK",2010,0.15
"512","DNK",2011,0.15
"513","DNK",2012,0.15
"514","DNK",2013,0.15
"515","DNK",2014,0.15
"516","DNK",2015,0.15
"517","DNK",2016,0.15
"518","DNK",2017,0.15
"519","DNK",2018,0.15
"520","DNK",2019,0.15
"521","DNK",2020,0.15
"522","DNK",2021,0.15
"523","NOR",1964,0.35
"524","NOR",1965,0.35
"525","NOR",1966,0.35
"526","NOR",1967,0.35
"527","NOR",1968,0.35
"528","NOR",1969,0.35
"529","NOR",1970,0.35
"530","NOR",1971,0.35
"531","NOR",1972,0.35
"532","NOR",1973,0.35
"533","NOR",1974,0.35
"534","NOR",1975,0.35
"535","NOR",1976,0.35
"536","NOR",1977,0.35
"537","NOR",1978,0.35
"538","NOR",1979,0.35
"539","NOR",1980,0.35
"540","NOR",1981,0.35
"541","NOR",1982,0.3
"542","NOR",1983,0.25
"543","NOR",1984,0.25
"544","NOR",1985,0.2
"545","NOR",1986,0.2
"546","NOR",1987,0.2
"547","NOR",1988,0.2
"548","NOR",1989,0.2
"549","NOR",1990,0.2
"550","NOR",1991,0.2
"551","NOR",1992,0.2
"552","NOR",1993,0.2
"553","NOR",1994,0.2
"554","NOR",1995,0.2
"555","NOR",1996,0.2
"556","NOR",1997,0.2
"557","NOR",1998,0.2
"558","NOR",1999,0.2
"559","NOR",2000,0.2
"560","NOR",2001,0.2
"561","NOR",2002,0.2
"562","NOR",2003,0.2
"563","NOR",2004,0.2
"564","NOR",2005,0.2
"565","NOR",2006,0.2
"566","NOR",2007,0.2
"567","NOR",2008,0.2
"568","NOR",2009,0.1
"569","NOR",2010,0.1
"570","NOR",2011,0.1
"571","NOR",2012,0.1
"572","NOR",2013,0.1
"573","NOR",2014,0
"574","NOR",2015,0
"575","NOR",2016,0
"576","NOR",2017,0
"577","NOR",2018,0
"578","NOR",2019,0
"579","NOR",2020,0
"580","NOR",2021,0
"581","ITA",1964,0.35
"582","ITA",1965,0.35
"583","ITA",1966,0.35
"584","ITA",1967,0.35
"585","ITA",1968,0.35
"586","ITA",1969,0.35
"587","ITA",1970,0.35
"588","ITA",1971,0.35
"589","ITA",1972,0.35
"590","ITA",1973,0.31
"591","ITA",1974,0.31
"592","ITA",1975,0.31
"593","ITA",1976,0.31
"594","ITA",1977,0.31
"595","ITA",1978,0.31
"596","ITA",1979,0.31
"597","ITA",1980,0.31
"598","ITA",1981,0.31
"599","ITA",1982,0.31
"600","ITA",1983,0.31
"601","ITA",1984,0.31
"602","ITA",1985,0.31
"603","ITA",1986,0.31
"604","ITA",1987,0.31
"605","ITA",1988,0.31
"606","ITA",1989,0.31
"607","ITA",1990,0.31
"608","ITA",1991,0.27
"609","ITA",1992,0.27
"610","ITA",1993,0.27
"611","ITA",1994,0.27
"612","ITA",1995,0.27
"613","ITA",1996,0.27
"614","ITA",1997,0.27
"615","ITA",1998,0.27
"616","ITA",1999,0.27
"617","ITA",2000,0.04
"618","ITA",2001,0.04
"619","ITA",2002,0
"620","ITA",2003,0
"621","ITA",2004,0
"622","ITA",2005,0
"623","ITA",2006,0
"624","ITA",2007,0.04
"625","ITA",2008,0.04
"626","ITA",2009,0.04
"627","ITA",2010,0.04
"628","ITA",2011,0.04
"629","ITA",2012,0.04
"630","ITA",2013,0.04
"631","ITA",2014,0.04
"632","ITA",2015,0.04
"633","ITA",2016,0.04
"634","ITA",2017,0.04
"635","ITA",2018,0.04
"636","ITA",2019,0.04
"637","ITA",2020,0.04
"638","ITA",2021,0.04
"639","BEL",1967,0.17
"640","BEL",1968,0.17
"641","BEL",1969,0.17
"642","BEL",1970,0.17
"643","BEL",1971,0.17
"644","BEL",1972,0.17
"645","BEL",1973,0.17
"646","BEL",1974,0.17
"647","BEL",1975,0.17
"648","BEL",1976,0.17
"649","BEL",1977,0.17
"650","BEL",1978,0.25
"651","BEL",1979,0.25
"652","BEL",1980,0.25
"653","BEL",1981,0.3
"654","BEL",1982,0.3
"655","BEL",1983,0.3
"656","BEL",1984,0.3
"657","BEL",1985,0.3
"658","BEL",1986,0.3
"659","BEL",1987,0.3
"660","BEL",1988,0.3
"661","BEL",1989,0.3
"662","BEL",1990,0.3
"663","BEL",1991,0.3
"664","BEL",1992,0.3
"665","BEL",1993,0.3
"666","BEL",1994,0.3
"667","BEL",1995,0.3
"668","BEL",1996,0.3
"669","BEL",1997,0.3
"670","BEL",1998,0.3
"671","BEL",1999,0.3
"672","BEL",2000,0.3
"673","BEL",2001,0.3
"674","BEL",2002,0.3
"675","BEL",2003,0.3
"676","BEL",2004,0.3
"677","BEL",2005,0.3
"678","BEL",2006,0.3
"679","BEL",2007,0.3
"680","BEL",2008,0.3
"681","BEL",2009,0.3
"682","BEL",2010,0.3
"683","NZL",1964,0.4
"684","NZL",1965,0.4
"685","NZL",1966,0.4
"686","NZL",1967,0.4
"687","NZL",1968,0.4
"688","NZL",1969,0.4
"689","NZL",1970,0.4
"690","NZL",1971,0.4
"691","NZL",1972,0.4
"692","NZL",1973,0.4
"693","NZL",1974,0.4
"694","NZL",1975,0.4
"695","NZL",1976,0.4
"696","NZL",1977,0.4
"697","NZL",1978,0.4
"698","NZL",1979,0.4
"699","NZL",1980,0.4
"700","NZL",1981,0.4
"701","NZL",1982,0.4
"702","NZL",1983,0.4
"703","NZL",1984,0.4
"704","NZL",1985,0.4
"705","NZL",1986,0.4
"706","NZL",1987,0.4
"707","NZL",1988,0.4
"708","NZL",1989,0.4
"709","NZL",1990,0.4
"710","NZL",1991,0.4
"711","NZL",1992,0.4
"712","NZL",1993,0
"713","NZL",1994,0
"714","NZL",1995,0
"715","NZL",1996,0
"716","NZL",1997,0
"717","NZL",1998,0
"718","NZL",1999,0
"719","NZL",2000,0
"720","NZL",2001,0
"721","NZL",2002,0
"722","NZL",2003,0
"723","NZL",2004,0
"724","NZL",2005,0
"725","NZL",2006,0
"726","NZL",2007,0
"727","NZL",2008,0
"728","NZL",2009,0
"729","NZL",2010,0
"730","NZL",2011,0
"731","NZL",2012,0
"732","NZL",2013,0
"733","NZL",2014,0
"734","NZL",2015,0
"735","NZL",2016,0
"736","NZL",2017,0
"737","NZL",2018,0
"738","NZL",2019,0
"739","NZL",2020,0
"740","NZL",2021,0
"741","NLD",1964,0.17
"742","NLD",1965,0.17
"743","NLD",1966,0.17
"744","NLD",1967,0.17
"745","NLD",1968,0.17
"746","NLD",1969,0.17
"747","NLD",1970,0.17
"748","NLD",1971,0.17
"749","NLD",1972,0.17
"750","NLD",1973,0.17
"751","NLD",1974,0.17
"752","NLD",1975,0.17
"753","NLD",1976,0.17
"754","NLD",1977,0.17
"755","NLD",1978,0.17
"756","NLD",1979,0.17
"757","NLD",1980,0.17
"758","NLD",1981,0.27
"759","NLD",1982,0.27
"760","NLD",1983,0.27
"761","NLD",1984,0.27
"762","NLD",1985,0.27
"763","NLD",1986,0.27
"764","NLD",1987,0.27
"765","NLD",1988,0.27
"766","NLD",1989,0.27
"767","NLD",1990,0.27
"768","NLD",1991,0.27
"769","NLD",1992,0.27
"770","NLD",1993,0.27
"771","NLD",1994,0.27
"772","NLD",1995,0.27
"773","NLD",1996,0.27
"774","NLD",1997,0.27
"775","NLD",1998,0.27
"776","NLD",1999,0.27
"777","NLD",2000,0.27
"778","NLD",2001,0.27
"779","NLD",2002,0.27
"780","NLD",2003,0.27
"781","NLD",2004,0.27
"782","NLD",2005,0.27
"783","NLD",2006,0.27
"784","NLD",2007,0.27
"785","NLD",2008,0.27
"786","NLD",2009,0.27
"787","ESP",1988,0.34
"788","ESP",1989,0.34
"789","ESP",1990,0.34
"790","ESP",1991,0.34
"791","ESP",1992,0.34
"792","ESP",1993,0.34
"793","ESP",1994,0.34
"794","ESP",1996,0.34
"795","ESP",2001,0.34
"796","ESP",2002,0.34
"797","ESP",2003,0.34
"798","ESP",2004,0.34
"799","ESP",2005,0.34
"800","ESP",2006,0.34
"801","ESP",2007,0.34
"802","ESP",2008,0.34
"803","ESP",2009,0.34
"804","ESP",2010,0.34
"805","ESP",2011,0.34
"806","ESP",2012,0.34
"807","ESP",2013,0.34
"808","ESP",2014,0.34
"809","ESP",2015,0.34
"810","ESP",2016,0.34
"811","ESP",2017,0.34
"812","ESP",2018,0.34
"813","ESP",2019,0.34
"814","ESP",2020,0.34
"815","ESP",2021,0.34
"816","BRN",1964,0.2
"817","BRN",1965,0.2
"818","BRN",1966,0.2
"819","BRN",1967,0.2
"820","BRN",1968,0.2
"821","BRN",1969,0.2
"822","BRN",1970,0.2
"823","BRN",1971,0.2
"824","BRN",1972,0.2
"825","BRN",1973,0.2
"826","BRN",1974,0.2
"827","BRN",1975,0.2
"828","BRN",1976,0.2
"829","BRN",1977,0.2
"830","BRN",1978,0.2
"831","BRN",1979,0.2
"832","BRN",1980,0.2
"833","BRN",1981,0.2
"834","BRN",1982,0.2
"835","BRN",1983,0.2
"836","BRN",1984,0.2
"837","BRN",1985,0.2
"838","BRN",1986,0.2
"839","BRN",1987,0.2
"840","BRN",1988,0.2
"841","BRN",1989,0.2
"842","BRN",1990,0.2
"843","BRN",1991,0.2
"844","BRN",1992,0.2
"845","BRN",1993,0.2
"846","BRN",1994,0.2
"847","BRN",1995,0.2
"848","BRN",1996,0.2
"849","BRN",1997,0.2
"850","BRN",1998,0.2
"851","BRN",1999,0.2
"852","BRN",2000,0.2
"853","BRN",2001,0.2
"854","BRN",2002,0.2
"855","BRN",2003,0.2
"856","BRN",2004,0.2
"857","BRN",2005,0.2
"858","BRN",2006,0.2
"859","BRN",2007,0.2
"860","BRN",2008,0.2
"861","BRN",2009,0.2
"862","BRN",2010,0.2
"863","BRN",2011,0.2
"864","BRN",2012,0.2
"865","BRN",2013,0
"866","BRN",2014,0
"867","BRN",2015,0
"868","BRN",2016,0
"869","BRN",2017,0
"870","BRN",2018,0
"871","BRN",2019,0
"872","BRN",2020,0
"873","BRN",2021,0
"874","FIN",1964,0.11
"875","FIN",1965,0.11
"876","FIN",1966,0.11
"877","FIN",1967,0.11
"878","FIN",1968,0.11
"879","FIN",1969,0.11
"880","FIN",1970,0.11
"881","FIN",1971,0.11
"882","FIN",1972,0.11
"883","FIN",1973,0.11
"884","FIN",1974,0.11
"885","FIN",1975,0.11
"886","FIN",1976,0.11
"887","FIN",1977,0.11
"888","FIN",1978,0.11
"889","FIN",1979,0.14
"890","FIN",1980,0.14
"891","FIN",1981,0.14
"892","FIN",1982,0.14
"893","FIN",1983,0.14
"894","FIN",1984,0.14
"895","FIN",1985,0.14
"896","FIN",1986,0.14
"897","FIN",1987,0.14
"898","FIN",1988,0.14
"899","FIN",1989,0.14
"900","FIN",1990,0.14
"901","FIN",1991,0.14
"902","FIN",1992,0.14
"903","FIN",1993,0.14
"904","FIN",1994,0.14
"905","FIN",1995,0.14
"906","FIN",1996,0.16
"907","FIN",1997,0.16
"908","FIN",1998,0.16
"909","FIN",1999,0.16
"910","FIN",2000,0.16
"911","FIN",2001,0.16
"912","FIN",2002,0.16
"913","FIN",2003,0.16
"914","FIN",2004,0.16
"915","FIN",2005,0.16
"916","FIN",2006,0.16
"917","FIN",2007,0.16
"918","FIN",2008,0.16
"919","FIN",2009,0.13
"920","FIN",2010,0.13
"921","FIN",2011,0.13
"922","FIN",2012,0.16
"923","FIN",2013,0.19
"924","FIN",2014,0.19
"925","FIN",2015,0.2
"926","FIN",2016,0.2
"927","FIN",2017,0.19
"928","FIN",2018,0.19
"929","FIN",2019,0.19
"930","FIN",2020,0.19
"931","FIN",2021,0.19
"932","PER",1964,0.48
"933","PER",1965,0.48
"934","PER",1966,0.48
"935","PER",1967,0.48
"936","PER",1968,0.48
"937","PER",1969,0.48
"938","PER",1970,0.48
"939","PER",1971,0.48
"940","PER",1972,0.48
"941","PER",1973,0.48
"942","PER",1974,0.48
"943","PER",1975,0.48
"944","PER",1976,0.48
"945","PER",1977,0.48
"946","PER",1978,0.48
"947","PER",1979,0.48
"948","PER",1980,0
"949","PER",1981,0
"950","PER",1982,0
"951","PER",1983,0
"952","PER",1984,0
"953","PER",1985,0
"954","PER",1986,0
"955","PER",1987,0
"956","PER",1988,0
"957","PER",1989,0
"958","PER",1990,0
"959","PER",1991,0
"960","PER",1992,0
"961","PER",1993,0
"962","PER",1994,0
"963","PER",1995,0
"964","PER",1996,0
"965","PER",1997,0
"966","PER",1998,0
"967","PER",1999,0
"968","PER",2000,0
"969","PER",2001,0
"970","PER",2002,0
"971","PER",2003,0
"972","PER",2004,0
"973","PER",2005,0
"974","PER",2006,0
"975","PER",2007,0
"976","PER",2008,0
"977","PER",2009,0
"978","PER",2010,0
"979","PER",2011,0
"980","PER",2012,0
"981","PER",2013,0
"982","PER",2014,0
"983","PER",2015,0
"984","PER",2016,0
"985","PER",2017,0
"986","PER",2018,0
"987","PER",2019,0
"988","PER",2020,0
"989","PER",2021,0
"990","AUT",1964,0.15
"991","AUT",1965,0.15
"992","AUT",1966,0.15
"993","AUT",1967,0.15
"994","AUT",1968,0.15
"995","AUT",1969,0.15
"996","AUT",1970,0.15
"997","AUT",1971,0.15
"998","AUT",1972,0.15
"999","AUT",1973,0.15
"1000","AUT",1974,0.15
"1001","AUT",1975,0.15
"1002","AUT",1976,0.15
"1003","AUT",1977,0.15
"1004","AUT",1978,0.15
"1005","AUT",1979,0.15
"1006","AUT",1980,0.15
"1007","AUT",1981,0.15
"1008","AUT",1982,0.15
"1009","AUT",1983,0.15
"1010","AUT",1984,0.15
"1011","AUT",1985,0.15
"1012","AUT",1986,0.15
"1013","AUT",1987,0.15
"1014","AUT",1988,0.15
"1015","AUT",1989,0.15
"1016","AUT",1990,0.15
"1017","AUT",1991,0.15
"1018","AUT",1992,0.15
"1019","AUT",1993,0.15
"1020","AUT",1994,0.15
"1021","AUT",1995,0.15
"1022","AUT",1996,0.15
"1023","AUT",1997,0.15
"1024","AUT",1998,0.15
"1025","AUT",1999,0.15
"1026","AUT",2000,0.15
"1027","AUT",2001,0.15
"1028","AUT",2002,0.15
"1029","AUT",2003,0.15
"1030","AUT",2004,0.15
"1031","AUT",2005,0.15
"1032","AUT",2006,0.15
"1033","AUT",2007,0.15
"1034","AUT",2008,0.15
"1035","AUT",2009,0
"1036","AUT",2010,0
"1037","AUT",2011,0
"1038","AUT",2012,0
"1039","AUT",2013,0
"1040","AUT",2014,0
"1041","AUT",2015,0
"1042","AUT",2016,0
"1043","AUT",2017,0
"1044","AUT",2018,0
"1045","AUT",2019,0
"1046","AUT",2020,0
"1047","AUT",2021,0
"1048","ECU",1989,0.05
"1049","ECU",2006,0.05
"1050","ECU",2007,0.05
"1051","ECU",2008,0.05
"1052","ECU",2009,0.35
"1053","ECU",2010,0.35
"1054","ECU",2011,0.35
"1055","ECU",2012,0.35
"1056","ECU",2013,0.35
"1057","ECU",2014,0.35
"1058","ECU",2015,0.35
"1059","ECU",2016,0.35
"1060","ECU",2017,0.35
"1061","ECU",2018,0.35
"1062","ECU",2019,0.35
"1063","ECU",2020,0.35
"1064","CHL",2006,0.25
"1065","CHL",2007,0.25
"1066","CHL",2008,0.25
"1067","CHL",2009,0.25
"1068","CHL",2010,0.25
"1069","CHL",2011,0.25
"1070","CHL",2012,0.25
"1071","CHL",2013,0.25
"1072","CHL",2014,0.25
"1073","CHL",2015,0.25
"1074","CHL",2016,0.25
"1075","CHL",2017,0.25
"1076","CHL",2018,0.25
"1077","CHL",2019,0.25
"1078","CHL",2020,0.25
"1079","CHL",2021,0.25
"1080","HUN",2006,0.21
"1081","HUN",2007,0.21
"1082","HUN",2008,0.21
"1083","HUN",2009,0.21
"1084","HUN",2010,0.4
"1085","HUN",2011,0.4
"1086","HUN",2012,0.4
"1087","HUN",2013,0.4
"1088","HUN",2014,0.18
"1089","HUN",2015,0.18
"1090","HUN",2016,0.18
"1091","HUN",2017,0.18
"1092","HUN",2018,0.18
"1093","HUN",2019,0.18
"1094","HUN",2020,0.18
"1095","HUN",2021,0.18
"1096","CAN",1965,0.54
"1097","CAN",1966,0.54
"1098","CAN",1967,0.54
"1099","CAN",1968,0.5
"1100","CAN",1969,0.5
"1101","CAN",1970,0.5
"1102","CAN",1971,0.5
"1103","CAN",1972,0
"1104","CAN",1973,0
"1105","CAN",1974,0
"1106","CAN",1975,0
"1107","CAN",1976,0
"1108","CAN",1977,0
"1109","CAN",1978,0
"1110","CAN",1979,0
"1111","CAN",1980,0
"1112","CAN",1981,0
"1113","CAN",1982,0
"1114","CAN",1983,0
"1115","CAN",1984,0
"1116","CAN",1985,0
"1117","CAN",1986,0
"1118","CAN",1987,0
"1119","CAN",1988,0
"1120","CAN",1989,0
"1121","CAN",1990,0
"1122","CAN",1991,0
"1123","CAN",1992,0
"1124","CAN",1993,0
"1125","CAN",1994,0
"1126","CAN",1995,0
"1127","CAN",1996,0
"1128","CAN",1997,0
"1129","CAN",1998,0
"1130","CAN",1999,0
"1131","CAN",2000,0
"1132","CAN",2001,0
"1133","CAN",2002,0
"1134","CAN",2003,0
"1135","CAN",2004,0
"1136","CAN",2005,0
"1137","CAN",2006,0
"1138","CAN",2007,0
"1139","CAN",2008,0
"1140","CAN",2009,0
"1141","CAN",2010,0
"1142","CAN",2011,0
"1143","CAN",2012,0
"1144","CAN",2013,0
"1145","CAN",2014,0
"1146","CAN",2015,0
"1147","CAN",2016,0
"1148","CAN",2017,0
"1149","CAN",2018,0
"1150","CAN",2019,0
"1151","CAN",2020,0
"1152","CAN",2021,0
"1153","ZAF",2006,0.2
"1154","ZAF",2007,0.2
"1155","ZAF",2008,0.2
"1156","ZAF",2009,0.2
"1157","ZAF",2010,0.2
"1158","ZAF",2011,0.2
"1159","ZAF",2012,0.2
"1160","ZAF",2013,0.2
"1161","ZAF",2014,0.2
"1162","ZAF",2015,0.2
"1163","ZAF",2016,0.2
"1164","ZAF",2017,0.2
"1165","ZAF",2018,0.25
"1166","ZAF",2019,0.25
"1167","ZAF",2020,0.25
"1168","ZAF",2021,0.25
"1169","COL",2007,0.34
"1170","COL",2008,0.33
"1171","COL",2009,0.33
"1172","COL",2010,0.33
"1173","COL",2011,0.33
"1174","COL",2012,0.33
"1175","COL",2013,0.1
"1176","COL",2014,0.1
"1177","COL",2015,0.1
"1178","COL",2016,0.1
"1179","COL",2017,0.1
"1180","COL",2018,0.1
"1181","COL",2019,0.1
"1182","COL",2020,0.1
"1183","PHL",2006,0.2
"1184","PHL",2007,0.2
"1185","PHL",2008,0.2
"1186","PHL",2009,0.2
"1187","PHL",2010,0.2
"1188","PHL",2011,0.2
"1189","PHL",2012,0.2
"1190","PHL",2013,0.2
"1191","PHL",2014,0.2
"1192","PHL",2015,0.2
"1193","PHL",2016,0.2
"1194","PHL",2017,0.2
"1195","PHL",2018,0.06
"1196","PHL",2019,0.06
"1197","PHL",2020,0.06
"1198","PHL",2021,0.06
"1199","GRC",2006,0.2
"1200","GRC",2007,0.2
"1201","GRC",2008,0.2
"1202","GRC",2009,0.2
"1203","GRC",2010,0.2
"1204","GRC",2011,0.1
"1205","GRC",2012,0.1
"1206","GRC",2013,0.1
"1207","GRC",2014,0.1
"1208","GRC",2015,0.1
"1209","GRC",2016,0.1
"1210","GRC",2017,0.1
"1211","GRC",2018,0.1
"1212","GRC",2019,0.1
"1213","GRC",2020,0.1
"1214","GRC",2021,0.1
"1215","POL",2006,0.2
"1216","POL",2007,0.2
"1217","POL",2008,0.2
"1218","POL",2009,0.2
"1219","POL",2010,0.2
"1220","POL",2011,0.2
"1221","POL",2014,0.07
"1222","POL",2015,0.07
"1223","POL",2016,0.07
"1224","POL",2017,0.07
"1225","POL",2018,0.07
"1226","POL",2019,0.07
"1227","POL",2020,0.07
"1228","POL",2021,0.07
"1229","CMR",2006,0.1
"1230","CMR",2007,0.1
"1231","CMR",2008,0.1
"1232","CMR",2009,0.1
"1233","CMR",2010,0.1
"1234","CMR",2011,0.1
"1235","CMR",2012,0.1
"1236","CMR",2013,0.1
"1237","CMR",2014,0.1
"1238","CMR",2015,0.1
"1239","CMR",2016,0.1
"1240","CMR",2017,0.1
"1241","CMR",2018,0.1
"1242","CMR",2019,0.1
"1243","CMR",2020,0.1
"1244","CMR",2021,0.1
"1245","ISL",2006,0.05
"1246","ISL",2007,0.05
"1247","ISL",2008,0.05
"1248","ISL",2009,0.05
"1249","ISL",2010,0.05
"1250","ISL",2011,0.1
"1251","ISL",2012,0.1
"1252","ISL",2013,0.1
"1253","ISL",2014,0.1
"1254","ISL",2015,0.1
"1255","ISL",2016,0.1
"1256","ISL",2017,0.1
"1257","ISL",2018,0.1
"1258","ISL",2019,0.1
"1259","ISL",2020,0.1
"1260","ISL",2021,0.1
"1261","BRA",2008,0.08
"1262","BRA",2009,0.08
"1263","BRA",2010,0.08
"1264","BRA",2011,0.08
"1265","BRA",2012,0.08
"1266","BRA",2013,0.08
"1267","BRA",2014,0.08
"1268","BRA",2015,0.08
"1269","BRA",2016,0.08
"1270","BRA",2017,0.08
"1271","BRA",2018,0.08
"1272","BRA",2019,0.08
"1273","BRA",2020,0.08
"1274","BRA",2021,0.08
"1275","GTM",2006,0.06
"1276","GTM",2007,0.06
"1277","GTM",2008,0.06
"1278","GTM",2009,0.06
"1279","GTM",2010,0.06
"1280","GTM",2011,0.06
"1281","GTM",2012,0.06
"1282","GTM",2013,0.06
"1283","GTM",2014,0.06
"1284","GTM",2015,0.06
"1285","GTM",2016,0.07
"1286","GTM",2017,0.07
"1287","GTM",2018,0.07
"1288","GTM",2019,0.07
"1289","GTM",2020,0.07
"1290","GTM",2021,0.07
"1291","TUR",2012,0.1
"1292","TUR",2013,0.1
"1293","TUR",2014,0.1
"1294","TUR",2015,0.1
"1295","TUR",2016,0.1
"1296","TUR",2017,0.1
"1297","TUR",2018,0.1
"1298","TUR",2019,0.1
"1299","TUR",2020,0.1
"1300","TUR",2021,0.1
"1301","NIC",2013,0.1
"1302","NIC",2014,0.1
"1303","NIC",2015,0.1
"1304","NIC",2016,0.1
"1305","NIC",2017,0.1
"1306","NIC",2018,0.1
"1307","NIC",2020,0.15
"1308","NIC",2021,0.15
"1309","ABW",2006,0.06
"1310","ABW",2007,0.06
"1311","ABW",2008,0.06
"1312","ABW",2009,0.06
"1313","ABW",2010,0.06
"1314","ABW",2011,0.06
"1315","ABW",2012,0.06
"1316","ABW",2013,0.06
"1317","ABW",2014,0.06
"1318","ABW",2015,0.06
"1319","ABW",2016,0.06
"1320","ABW",2017,0.06
"1321","ABW",2018,0.06
"1322","ABW",2019,0
"1323","ABW",2020,0
"1324","BWA",2008,0.05
"1325","BWA",2009,0.05
"1326","BWA",2010,0.05
"1327","BWA",2011,0.05
"1328","BWA",2012,0.05
"1329","BWA",2013,0.05
"1330","BWA",2014,0.05
"1331","BWA",2015,0.05
"1332","BWA",2016,0.05
"1333","BWA",2017,0.05
"1334","BWA",2018,0.05
"1335","BWA",2019,0.05
"1336","BWA",2020,0.05
"1337","BWA",2021,0.05
"1338","URY",2006,0.04
"1339","URY",2007,0.04
"1340","URY",2008,0.04
"1341","URY",2009,0.04
"1342","URY",2010,0.04
"1343","URY",2011,0.04
"1344","URY",2012,0.04
"1345","URY",2013,0.04
"1346","URY",2014,0.03
"1347","URY",2015,0.03
"1348","URY",2016,0.03
"1349","URY",2017,0.03
"1350","URY",2018,0.03
"1351","URY",2019,0.03
"1352","URY",2020,0.03
"1353","URY",2021,0.03
"1354","SEN",2006,0.03
"1355","SEN",2007,0.03
"1356","SEN",2008,0.03
"1357","SEN",2009,0.03
"1358","SEN",2010,0.03
"1359","SEN",2011,0.03
"1360","SEN",2012,0.03
"1361","SEN",2013,0.03
"1362","SEN",2014,0.03
"1363","SEN",2015,0.02
"1364","SEN",2016,0.02
"1365","SEN",2017,0.02
"1366","SEN",2018,0.02
"1367","SEN",2019,0.02
"1368","SEN",2020,0.02
"1369","SEN",2021,0.02
"1370","THA",1994,0
"1371","THA",1995,0
"1372","THA",1996,0
"1373","THA",1997,0
"1374","THA",1998,0
"1375","THA",1999,0
"1376","THA",2000,0
"1377","THA",2001,0
"1378","THA",2002,0
"1379","THA",2003,0
"1380","THA",2004,0
"1381","THA",2005,0
"1382","THA",2006,0
"1383","THA",2007,0
"1384","THA",2008,0
"1385","THA",2009,0
"1386","THA",2010,0
"1387","THA",2011,0
"1388","THA",2012,0
"1389","THA",2013,0
"1390","THA",2014,0
"1391","THA",2015,0
"1392","THA",2016,0.05
"1393","THA",2017,0.05
"1394","THA",2018,0.05
"1395","THA",2019,0.05
"1396","THA",2020,0.05
"1397","THA",2021,0.05
"1398","DZA",2006,0
"1399","DZA",2007,0
"1400","DZA",2008,0
"1401","DZA",2009,0
"1402","DZA",2010,0
"1403","DZA",2011,0
"1404","DZA",2012,0
"1405","DZA",2013,0.03
"1406","DZA",2014,0.03
"1407","DZA",2015,0.03
"1408","DZA",2016,0.03
"1409","DZA",2017,0.03
"1410","DZA",2018,0.03
"1411","DZA",2019,0.03
"1412","DZA",2020,0.03
"1413","DZA",2021,0.03
"1414","MDG",1993,0
"1415","MDG",1994,0
"1416","MDG",1995,0
"1417","MDG",1996,0
"1418","MDG",1997,0
"1419","MDG",1998,0
"1420","MDG",1999,0
"1421","MDG",2000,0
"1422","MDG",2001,0
"1423","MDG",2002,0
"1424","MDG",2003,0
"1425","MDG",2004,0
"1426","MDG",2005,0
"1427","MDG",2006,0
"1428","MDG",2007,0
"1429","MDG",2008,0.15
"1430","MDG",2009,0
"1431","MDG",2010,0
"1432","MDG",2011,0
"1433","MDG",2012,0
"1434","MDG",2013,0
"1435","MDG",2014,0
"1436","MDG",2015,0
"1437","MDG",2016,0
"1438","MDG",2017,0
"1439","MDG",2018,0
"1440","MDG",2019,0
"1441","MDG",2021,0
"1442","GNQ",2008,0.1
"1443","SGP",2007,0.1
"1444","SGP",2008,0
"1445","SGP",2009,0
"1446","SGP",2010,0
"1447","SGP",2011,0
"1448","SGP",2013,0
"1449","SGP",2014,0
"1450","SGP",2015,0
"1451","SGP",2016,0
"1452","SGP",2017,0
"1453","SGP",2018,0
"1454","SGP",2019,0
"1455","SGP",2020,0
"1456","SGP",2021,0
"1457","BOL",2008,0.01
"1458","BOL",2016,0.01
"1459","BOL",2017,0.01
"1460","BOL",2018,0.01
"1461","BOL",2019,0.01
"1462","BOL",2020,0.01
"1463","BOL",2021,0.01
"1464","MAR",1999,0
"1465","MAR",2000,0
"1466","MAR",2001,0
"1467","MAR",2002,0
"1468","MAR",2003,0
"1469","MAR",2004,0
"1470","MAR",2005,0
"1471","MAR",2006,0
"1472","MAR",2007,0
"1473","MAR",2008,0.06
"1474","MAR",2009,0
"1475","MAR",2010,0
"1476","MAR",2011,0
"1477","MAR",2012,0
"1478","MAR",2013,0
"1479","MAR",2014,0
"1480","MAR",2015,0
"1481","MAR",2016,0
"1482","MAR",2017,0
"1483","MAR",2018,0
"1484","MAR",2019,0
"1485","AFG",1973,0
"1486","AFG",1974,0
"1487","AFG",1975,0
"1488","AFG",1976,0
"1489","AFG",1977,0
"1490","AFG",1978,0
"1491","AFG",1979,0
"1492","AFG",1980,0
"1493","AFG",1981,0
"1494","AFG",1982,0
"1495","AFG",1983,0
"1496","AFG",1984,0
"1497","AFG",1985,0
"1498","AFG",1986,0
"1499","AFG",1987,0
"1500","AFG",1988,0
"1501","AFG",1989,0
"1502","AFG",1990,0
"1503","AFG",1991,0
"1504","AFG",1992,0
"1505","AFG",1993,0
"1506","AFG",1994,0
"1507","AFG",1995,0
"1508","AFG",1996,0
"1509","AFG",1997,0
"1510","AFG",1998,0
"1511","AFG",1999,0
"1512","AFG",2000,0
"1513","AFG",2001,0
"1514","AFG",2002,0
"1515","AFG",2003,0
"1516","AFG",2004,0
"1517","AFG",2005,0
"1518","AFG",2006,0
"1519","AFG",2007,0
"1520","AFG",2008,0
"1521","AFG",2009,0
"1522","AFG",2010,0
"1523","AFG",2011,0
"1524","AFG",2012,0
"1525","AFG",2013,0
"1526","AFG",2014,0
"1527","AFG",2015,0
"1528","AFG",2016,0
"1529","ALB",1990,0
"1530","ALB",1991,0
"1531","ALB",1992,0
"1532","ALB",1993,0
"1533","ALB",1994,0
"1534","ALB",1995,0
"1535","ALB",1996,0
"1536","ALB",1997,0
"1537","ALB",1998,0
"1538","ALB",1999,0
"1539","ALB",2000,0
"1540","ALB",2001,0
"1541","ALB",2002,0
"1542","ALB",2003,0
"1543","ALB",2004,0
"1544","ALB",2005,0
"1545","ALB",2006,0
"1546","ALB",2007,0
"1547","ALB",2008,0
"1548","ALB",2009,0
"1549","ALB",2010,0
"1550","ALB",2011,0
"1551","ALB",2012,0
"1552","ALB",2013,0
"1553","AND",1993,0
"1554","AND",1994,0
"1555","AND",1995,0
"1556","AND",1996,0
"1557","AND",1997,0
"1558","AND",1998,0
"1559","AND",1999,0
"1560","AND",2000,0
"1561","AND",2001,0
"1562","AND",2002,0
"1563","AND",2003,0
"1564","AND",2004,0
"1565","AND",2005,0
"1566","AND",2006,0
"1567","AND",2007,0
"1568","AND",2008,0
"1569","AND",2009,0
"1570","AND",2010,0
"1571","AND",2011,0
"1572","AND",2012,0
"1573","AND",2013,0
"1574","AND",2014,0
"1575","AND",2015,0
"1576","AND",2016,0
"1577","AND",2017,0
"1578","AND",2018,0
"1579","ATG",1991,0
"1580","ATG",1992,0
"1581","ATG",1993,0
"1582","ATG",1994,0
"1583","ATG",1995,0
"1584","ATG",1996,0
"1585","ATG",1997,0
"1586","ATG",1998,0
"1587","ATG",1999,0
"1588","ATG",2000,0
"1589","ATG",2001,0
"1590","ATG",2002,0
"1591","ATG",2003,0
"1592","ATG",2004,0
"1593","ATG",2005,0
"1594","ATG",2006,0
"1595","ATG",2007,0
"1596","ATG",2008,0
"1597","ATG",2009,0
"1598","ATG",2010,0
"1599","ATG",2011,0
"1600","ATG",2012,0
"1601","ATG",2013,0
"1602","ATG",2014,0
"1603","ATG",2015,0
"1604","ATG",2016,0
"1605","ATG",2017,0
"1606","ATG",2018,0
"1607","ATG",2019,0
"1608","ARG",1976,0
"1609","ARG",1977,0
"1610","ARG",1978,0
"1611","ARG",1979,0
"1612","ARG",1980,0
"1613","ARG",1981,0
"1614","ARG",1982,0
"1615","ARG",1983,0
"1616","ARG",1984,0
"1617","ARG",1985,0
"1618","ARG",1986,0
"1619","ARG",1987,0
"1620","ARG",1988,0
"1621","ARG",1989,0
"1622","ARG",1990,0
"1623","ARG",1991,0
"1624","ARG",1992,0
"1625","ARG",1993,0
"1626","ARG",1994,0
"1627","ARG",1995,0
"1628","ARG",1996,0
"1629","ARG",1997,0
"1630","ARG",1998,0
"1631","ARG",1999,0
"1632","ARG",2000,0
"1633","ARG",2001,0
"1634","ARG",2002,0
"1635","ARG",2003,0
"1636","ARG",2004,0
"1637","ARG",2005,0
"1638","ARG",2006,0
"1639","ARG",2007,0
"1640","ARG",2008,0
"1641","ARG",2009,0
"1642","ARG",2010,0
"1643","ARG",2011,0
"1644","ARG",2012,0
"1645","ARG",2013,0
"1646","ARG",2014,0
"1647","ARG",2015,0
"1648","ARG",2016,0
"1649","ARG",2017,0
"1650","ARG",2018,0
"1651","ARG",2019,0
"1652","ARG",2020,0
"1653","ARG",2021,0
"1654","ARM",1991,0
"1655","ARM",1992,0
"1656","ARM",1993,0
"1657","ARM",1994,0
"1658","ARM",1995,0
"1659","ARM",1996,0
"1660","ARM",1997,0
"1661","ARM",1998,0
"1662","ARM",1999,0
"1663","ARM",2000,0
"1664","ARM",2001,0
"1665","ARM",2002,0
"1666","ARM",2003,0
"1667","ARM",2004,0
"1668","ARM",2005,0
"1669","ARM",2006,0
"1670","ARM",2007,0
"1671","ARM",2008,0
"1672","ARM",2009,0
"1673","ARM",2010,0
"1674","ARM",2011,0
"1675","ARM",2012,0
"1676","ARM",2013,0
"1677","ARM",2014,0
"1678","ARM",2015,0
"1679","ARM",2016,0
"1680","ARM",2017,0
"1681","ARM",2018,0
"1682","ARM",2019,0
"1683","ARM",2020,0
"1684","ARM",2021,0
"1685","AUS",1980,0
"1686","AUS",1981,0
"1687","AUS",1982,0
"1688","AUS",1983,0
"1689","AUS",1984,0
"1690","AUS",1985,0
"1691","AUS",1986,0
"1692","AUS",1987,0
"1693","AUS",1988,0
"1694","AUS",1989,0
"1695","AUS",1990,0
"1696","AUS",1991,0
"1697","AUS",1992,0
"1698","AUS",1993,0
"1699","AUS",1994,0
"1700","AUS",1995,0
"1701","AUS",1996,0
"1702","AUS",1997,0
"1703","AUS",1998,0
"1704","AUS",1999,0
"1705","AUS",2000,0
"1706","AUS",2001,0
"1707","AUS",2002,0
"1708","AUS",2003,0
"1709","AUS",2004,0
"1710","AUS",2005,0
"1711","AUS",2006,0
"1712","AUS",2007,0
"1713","AUS",2008,0
"1714","AUS",2009,0
"1715","AUS",2010,0
"1716","AUS",2011,0
"1717","AUS",2012,0
"1718","AUS",2013,0
"1719","AUS",2014,0
"1720","AUS",2015,0
"1721","AUS",2016,0
"1722","AUS",2017,0
"1723","AUS",2018,0
"1724","AUS",2019,0
"1725","AUS",2020,0
"1726","AUS",2021,0
"1727","AZE",1991,0
"1728","AZE",1992,0
"1729","AZE",1993,0
"1730","AZE",1994,0
"1731","AZE",1995,0
"1732","AZE",1996,0
"1733","AZE",1997,0
"1734","AZE",1998,0
"1735","AZE",1999,0
"1736","AZE",2000,0
"1737","AZE",2001,0
"1738","AZE",2002,0
"1739","AZE",2003,0
"1740","AZE",2004,0
"1741","AZE",2005,0
"1742","AZE",2006,0
"1743","AZE",2007,0
"1744","AZE",2008,0
"1745","AZE",2009,0
"1746","AZE",2010,0
"1747","AZE",2011,0
"1748","AZE",2012,0
"1749","AZE",2013,0
"1750","AZE",2014,0
"1751","AZE",2015,0
"1752","AZE",2016,0
"1753","AZE",2017,0
"1754","AZE",2018,0
"1755","AZE",2019,0
"1756","AZE",2020,0
"1757","AZE",2021,0
"1758","BHS",1964,0
"1759","BHS",1965,0
"1760","BHS",1966,0
"1761","BHS",1967,0
"1762","BHS",1968,0
"1763","BHS",1969,0
"1764","BHS",1970,0
"1765","BHS",1971,0
"1766","BHS",1972,0
"1767","BHS",1973,0
"1768","BHS",1974,0
"1769","BHS",1975,0
"1770","BHS",1976,0
"1771","BHS",1977,0
"1772","BHS",1978,0
"1773","BHS",1979,0
"1774","BHS",1980,0
"1775","BHS",1981,0
"1776","BHS",1982,0
"1777","BHS",1983,0
"1778","BHS",1984,0
"1779","BHS",1985,0
"1780","BHS",1986,0
"1781","BHS",1987,0
"1782","BHS",1988,0
"1783","BHS",1989,0
"1784","BHS",1990,0
"1785","BHS",1991,0
"1786","BHS",1992,0
"1787","BHS",1993,0
"1788","BHS",1994,0
"1789","BHS",1995,0
"1790","BHS",1996,0
"1791","BHS",1997,0
"1792","BHS",1998,0
"1793","BHS",1999,0
"1794","BHS",2000,0
"1795","BHS",2001,0
"1796","BHS",2002,0
"1797","BHS",2003,0
"1798","BHS",2004,0
"1799","BHS",2005,0
"1800","BHS",2006,0
"1801","BHS",2007,0
"1802","BHS",2008,0
"1803","BHS",2009,0
"1804","BHS",2010,0
"1805","BHS",2011,0
"1806","BHS",2012,0
"1807","BHS",2013,0
"1808","BHS",2014,0
"1809","BHS",2015,0
"1810","BHS",2016,0
"1811","BHS",2017,0
"1812","BHS",2018,0
"1813","BHS",2019,0
"1814","BHS",2020,0
"1815","BHS",2021,0
"1816","BHR",1971,0
"1817","BHR",1972,0
"1818","BHR",1973,0
"1819","BHR",1974,0
"1820","BHR",1975,0
"1821","BHR",1976,0
"1822","BHR",1977,0
"1823","BHR",1978,0
"1824","BHR",1979,0
"1825","BHR",1980,0
"1826","BHR",1981,0
"1827","BHR",1982,0
"1828","BHR",1983,0
"1829","BHR",1984,0
"1830","BHR",1985,0
"1831","BHR",1986,0
"1832","BHR",1987,0
"1833","BHR",1988,0
"1834","BHR",1989,0
"1835","BHR",1990,0
"1836","BHR",1991,0
"1837","BHR",1992,0
"1838","BHR",1993,0
"1839","BHR",1994,0
"1840","BHR",1995,0
"1841","BHR",1996,0
"1842","BHR",1997,0
"1843","BHR",1998,0
"1844","BHR",1999,0
"1845","BHR",2000,0
"1846","BHR",2001,0
"1847","BHR",2002,0
"1848","BHR",2003,0
"1849","BHR",2004,0
"1850","BHR",2005,0
"1851","BHR",2006,0
"1852","BHR",2007,0
"1853","BHR",2008,0
"1854","BHR",2009,0
"1855","BHR",2010,0
"1856","BHR",2011,0
"1857","BHR",2012,0
"1858","BHR",2013,0
"1859","BHR",2014,0
"1860","BHR",2015,0
"1861","BHR",2016,0
"1862","BHR",2017,0
"1863","BHR",2018,0
"1864","BHR",2019,0
"1865","BHR",2020,0
"1866","BHR",2021,0
"1867","BGD",1982,0
"1868","BGD",1983,0
"1869","BGD",1984,0
"1870","BGD",1985,0
"1871","BGD",1986,0
"1872","BGD",1987,0
"1873","BGD",1988,0
"1874","BGD",1989,0
"1875","BGD",1990,0
"1876","BGD",1991,0
"1877","BRB",1990,0
"1878","BRB",1991,0
"1879","BRB",1992,0
"1880","BRB",1993,0
"1881","BRB",1994,0
"1882","BRB",1995,0
"1883","BRB",1996,0
"1884","BRB",1997,0
"1885","BRB",1998,0
"1886","BRB",1999,0
"1887","BRB",2000,0
"1888","BRB",2001,0
"1889","BRB",2002,0
"1890","BRB",2003,0
"1891","BRB",2004,0
"1892","BRB",2005,0
"1893","BRB",2006,0
"1894","BRB",2007,0
"1895","BRB",2008,0
"1896","BRB",2009,0
"1897","BRB",2010,0
"1898","BRB",2011,0
"1899","BRB",2012,0
"1900","BRB",2013,0
"1901","BRB",2014,0
"1902","BRB",2015,0
"1903","BRB",2016,0
"1904","BRB",2017,0
"1905","BRB",2018,0
"1906","BRB",2019,0
"1907","BRB",2020,0
"1908","BRB",2021,0
"1909","BLR",1964,0
"1910","BLR",1965,0
"1911","BLR",1966,0
"1912","BLR",1967,0
"1913","BLR",1968,0
"1914","BLR",1969,0
"1915","BLR",1970,0
"1916","BLR",1971,0
"1917","BLR",1972,0
"1918","BLR",1973,0
"1919","BLR",1974,0
"1920","BLR",1975,0
"1921","BLR",1976,0
"1922","BLR",1977,0
"1923","BLR",1978,0
"1924","BLR",1979,0
"1925","BLR",1980,0
"1926","BLR",1981,0
"1927","BLR",1982,0
"1928","BLR",1983,0
"1929","BLR",1984,0
"1930","BLR",1985,0
"1931","BLR",1986,0
"1932","BLR",1987,0
"1933","BLR",1988,0
"1934","BLR",1989,0
"1935","BLR",1990,0
"1936","BLR",1991,0
"1937","BLR",1992,0
"1938","BLR",1993,0
"1939","BLR",1994,0
"1940","BLR",1995,0
"1941","BLR",1996,0
"1942","BLR",1997,0
"1943","BLR",1998,0
"1944","BLR",1999,0
"1945","BLR",2000,0
"1946","BLR",2001,0
"1947","BLR",2002,0
"1948","BLR",2003,0
"1949","BLR",2004,0
"1950","BLR",2005,0
"1951","BLR",2006,0
"1952","BLR",2007,0
"1953","BLR",2008,0
"1954","BLR",2009,0
"1955","BLR",2010,0
"1956","BLR",2011,0
"1957","BLR",2012,0
"1958","BLR",2013,0
"1959","BLR",2014,0
"1960","BLR",2015,0
"1961","BLR",2016,0
"1962","BLR",2017,0
"1963","BLR",2018,0
"1964","BLR",2019,0
"1965","BLR",2020,0
"1966","BLR",2021,0
"1967","BLZ",1991,0
"1968","BTN",1995,0
"1969","BTN",1996,0
"1970","BTN",1997,0
"1971","BTN",1998,0
"1972","BTN",1999,0
"1973","BTN",2000,0
"1974","BTN",2001,0
"1975","BTN",2002,0
"1976","BTN",2003,0
"1977","BTN",2004,0
"1978","BTN",2005,0
"1979","BTN",2006,0
"1980","BTN",2007,0
"1981","BTN",2008,0
"1982","BTN",2009,0
"1983","BTN",2010,0
"1984","BTN",2011,0
"1985","BTN",2012,0
"1986","BTN",2013,0
"1987","BTN",2014,0
"1988","BTN",2015,0
"1989","BTN",2016,0
"1990","BTN",2017,0
"1991","BTN",2018,0
"1992","BTN",2019,0
"1993","BIH",1992,0
"1994","BIH",1993,0
"1995","BIH",1994,0
"1996","BIH",1995,0
"1997","BIH",1996,0
"1998","BIH",1997,0
"1999","BIH",1998,0
"2000","BIH",1999,0
"2001","BIH",2000,0
"2002","BIH",2001,0
"2003","BIH",2002,0
"2004","BIH",2003,0
"2005","BIH",2004,0
"2006","BIH",2005,0
"2007","BIH",2006,0
"2008","BIH",2007,0
"2009","BIH",2008,0
"2010","BIH",2009,0
"2011","BIH",2010,0
"2012","BIH",2011,0
"2013","BIH",2012,0
"2014","BIH",2013,0
"2015","BIH",2014,0
"2016","BIH",2015,0
"2017","BIH",2016,0
"2018","BIH",2017,0
"2019","BIH",2018,0
"2020","BIH",2019,0
"2021","BGR",2006,0
"2022","BGR",2007,0
"2023","BGR",2008,0
"2024","BGR",2009,0
"2025","BGR",2010,0
"2026","BGR",2011,0
"2027","BGR",2012,0
"2028","BGR",2013,0
"2029","BGR",2014,0
"2030","BGR",2015,0
"2031","BGR",2016,0
"2032","BGR",2017,0
"2033","BGR",2018,0
"2034","BGR",2019,0
"2035","BGR",2020,0
"2036","BGR",2021,0
"2037","CPV",1999,0
"2038","CPV",2000,0
"2039","CPV",2001,0
"2040","CPV",2002,0
"2041","CPV",2003,0
"2042","CPV",2004,0
"2043","CPV",2005,0
"2044","CPV",2006,0
"2045","CPV",2007,0
"2046","CPV",2008,0
"2047","CPV",2009,0
"2048","CPV",2010,0
"2049","CPV",2011,0
"2050","CPV",2012,0
"2051","CPV",2013,0
"2052","CPV",2014,0
"2053","CPV",2015,0
"2054","CPV",2016,0
"2055","CPV",2017,0
"2056","CPV",2018,0
"2057","CPV",2019,0
"2058","CPV",2020,0
"2059","CPV",2021,0
"2060","KHM",2009,0
"2061","KHM",2010,0
"2062","KHM",2011,0
"2063","KHM",2012,0
"2064","KHM",2013,0
"2065","KHM",2014,0
"2066","KHM",2015,0
"2067","KHM",2016,0
"2068","KHM",2017,0
"2069","KHM",2018,0
"2070","KHM",2019,0
"2071","KHM",2020,0
"2072","KHM",2021,0
"2073","CHN",2006,0
"2074","CHN",2007,0
"2075","CHN",2008,0
"2076","CHN",2009,0
"2077","CHN",2010,0
"2078","CHN",2011,0
"2079","CHN",2012,0
"2080","CHN",2013,0
"2081","CHN",2014,0
"2082","CHN",2015,0
"2083","CHN",2016,0
"2084","CHN",2017,0
"2085","CHN",2018,0
"2086","CHN",2019,0
"2087","CHN",2020,0
"2088","CHN",2021,0
"2089","CRI",2006,0
"2090","CRI",2007,0
"2091","CRI",2008,0
"2092","CRI",2009,0
"2093","CRI",2010,0
"2094","CRI",2011,0
"2095","CRI",2012,0
"2096","CRI",2013,0
"2097","CRI",2014,0
"2098","CRI",2015,0
"2099","CRI",2016,0
"2100","CRI",2017,0
"2101","CRI",2018,0
"2102","CRI",2019,0
"2103","CRI",2020,0
"2104","CRI",2021,0
"2105","CYP",2006,0
"2106","CYP",2007,0
"2107","CYP",2008,0
"2108","CYP",2009,0
"2109","CYP",2010,0
"2110","CYP",2011,0
"2111","CYP",2012,0
"2112","CYP",2013,0
"2113","CYP",2014,0
"2114","CYP",2015,0
"2115","CYP",2016,0
"2116","CYP",2017,0
"2117","CYP",2018,0
"2118","CYP",2019,0
"2119","CYP",2020,0
"2120","CYP",2021,0
"2121","CZE",1991,0
"2122","CZE",2006,0
"2123","CZE",2007,0
"2124","CZE",2008,0
"2125","CZE",2009,0
"2126","CZE",2010,0
"2127","CZE",2011,0
"2128","CZE",2012,0
"2129","CZE",2013,0
"2130","CZE",2014,0
"2131","CZE",2015,0
"2132","CZE",2016,0
"2133","CZE",2017,0
"2134","CZE",2018,0
"2135","CZE",2019,0
"2136","CZE",2020,0
"2137","CZE",2021,0
"2138","EGY",2006,0
"2139","EGY",2007,0
"2140","EGY",2008,0
"2141","EGY",2009,0
"2142","EGY",2010,0
"2143","EGY",2011,0
"2144","EGY",2012,0
"2145","EGY",2013,0
"2146","EGY",2014,0
"2147","EGY",2015,0
"2148","EGY",2016,0
"2149","EGY",2017,0
"2150","EGY",2018,0
"2151","EGY",2019,0
"2152","EGY",2020,0
"2153","EGY",2021,0
"2154","SLV",1964,0
"2155","SLV",1965,0
"2156","SLV",1966,0
"2157","SLV",1967,0
"2158","SLV",1968,0
"2159","SLV",1969,0
"2160","SLV",1970,0
"2161","SLV",1971,0
"2162","SLV",1972,0
"2163","SLV",1973,0
"2164","SLV",1974,0
"2165","SLV",2008,0
"2166","SLV",2009,0
"2167","SLV",2010,0
"2168","SLV",2011,0
"2169","SLV",2012,0
"2170","SLV",2013,0
"2171","SLV",2014,0
"2172","SLV",2015,0
"2173","SLV",2016,0
"2174","SLV",2017,0
"2175","SLV",2018,0
"2176","SLV",2019,0
"2177","SLV",2020,0
"2178","SLV",2021,0
"2179","EST",1995,0
"2180","EST",1996,0
"2181","EST",1997,0
"2182","EST",1998,0
"2183","EST",1999,0
"2184","EST",2000,0
"2185","EST",2001,0
"2186","EST",2002,0
"2187","EST",2003,0
"2188","EST",2004,0
"2189","EST",2005,0
"2190","EST",2006,0
"2191","EST",2007,0
"2192","EST",2008,0
"2193","EST",2009,0
"2194","EST",2010,0
"2195","EST",2011,0
"2196","EST",2012,0
"2197","EST",2013,0
"2198","EST",2014,0
"2199","EST",2015,0
"2200","EST",2016,0
"2201","EST",2017,0
"2202","EST",2018,0
"2203","EST",2019,0
"2204","EST",2020,0
"2205","EST",2021,0
"2206","SWZ",2010,0
"2207","SWZ",2011,0
"2208","SWZ",2012,0
"2209","SWZ",2013,0
"2210","SWZ",2014,0
"2211","SWZ",2015,0
"2212","SWZ",2016,0
"2213","SWZ",2017,0
"2214","SWZ",2018,0
"2215","SWZ",2019,0
"2216","SWZ",2020,0
"2217","SWZ",2021,0
"2218","ETH",2008,0
"2219","FJI",1965,0
"2220","FJI",2008,0
"2221","GEO",2008,0
"2222","GRD",1986,0
"2223","GUM",2008,0
"2224","GGY",2008,0
"2225","HND",1990,0
"2226","HND",1991,0
"2227","HND",1992,0
"2228","HND",1993,0
"2229","HND",1994,0
"2230","HND",1995,0
"2231","HND",1996,0
"2232","HND",1997,0
"2233","HND",1998,0
"2234","HND",1999,0
"2235","HND",2000,0
"2236","HND",2001,0
"2237","HND",2002,0
"2238","HND",2003,0
"2239","HND",2004,0
"2240","HND",2005,0
"2241","HND",2006,0
"2242","HND",2008,0
"2243","HND",2012,0
"2244","HND",2013,0
"2245","HND",2014,0
"2246","HND",2015,0
"2247","HND",2016,0
"2248","HND",2017,0
"2249","HND",2018,0
"2250","HND",2019,0
"2251","HND",2020,0
"2252","HND",2021,0
"2253","HKG",2008,0
"2254","IND",1985,0
"2255","IND",2008,0
"2256","IND",2009,0
"2257","IND",2010,0
"2258","IND",2011,0
"2259","IND",2012,0
"2260","IND",2013,0
"2261","IND",2014,0
"2262","IND",2015,0
"2263","IND",2016,0
"2264","IND",2017,0
"2265","IND",2018,0
"2266","IND",2019,0
"2267","IND",2020,0
"2268","IND",2021,0
"2269","IDN",1964,0
"2270","IDN",1965,0
"2271","IDN",1966,0
"2272","IDN",1967,0
"2273","IDN",1968,0
"2274","IDN",1969,0
"2275","IDN",1970,0
"2276","IDN",1971,0
"2277","IDN",1972,0
"2278","IDN",1973,0
"2279","IDN",1974,0
"2280","IDN",1975,0
"2281","IDN",1976,0
"2282","IDN",1977,0
"2283","IDN",1978,0
"2284","IDN",1979,0
"2285","IDN",1980,0
"2286","IDN",1981,0
"2287","IDN",1982,0
"2288","IDN",1983,0
"2289","IDN",1984,0
"2290","IDN",1985,0
"2291","IDN",1986,0
"2292","IDN",1987,0
"2293","IDN",1988,0
"2294","IDN",1989,0
"2295","IDN",1990,0
"2296","IDN",1991,0
"2297","IDN",1992,0
"2298","IDN",1993,0
"2299","IDN",1994,0
"2300","IDN",1995,0
"2301","IDN",1996,0
"2302","IDN",1997,0
"2303","IDN",1998,0
"2304","IDN",1999,0
"2305","IDN",2000,0
"2306","IDN",2001,0
"2307","IDN",2002,0
"2308","IDN",2003,0
"2309","IDN",2004,0
"2310","IDN",2005,0
"2311","IDN",2006,0
"2312","IDN",2007,0
"2313","IDN",2008,0
"2314","IDN",2009,0
"2315","IDN",2010,0
"2316","IDN",2011,0
"2317","IDN",2012,0
"2318","IDN",2013,0
"2319","IDN",2014,0
"2320","IDN",2015,0
"2321","IDN",2016,0
"2322","IDN",2017,0
"2323","IDN",2018,0
"2324","IDN",2019,0
"2325","IDN",2020,0
"2326","IDN",2021,0
"2327","IRQ",1996,0
"2328","IRQ",1997,0
"2329","IMN",2008,0
"2330","ISR",1982,0
"2331","ISR",1983,0
"2332","ISR",1984,0
"2333","ISR",1985,0
"2334","ISR",1986,0
"2335","ISR",1987,0
"2336","ISR",1988,0
"2337","ISR",1989,0
"2338","ISR",1990,0
"2339","ISR",1991,0
"2340","ISR",1992,0
"2341","ISR",1993,0
"2342","ISR",1994,0
"2343","ISR",1995,0
"2344","ISR",1996,0
"2345","ISR",1997,0
"2346","ISR",1998,0
"2347","ISR",1999,0
"2348","ISR",2000,0
"2349","ISR",2001,0
"2350","ISR",2002,0
"2351","ISR",2003,0
"2352","ISR",2004,0
"2353","ISR",2005,0
"2354","ISR",2006,0
"2355","ISR",2007,0
"2356","ISR",2008,0
"2357","ISR",2009,0
"2358","ISR",2010,0
"2359","ISR",2011,0
"2360","ISR",2012,0
"2361","ISR",2013,0
"2362","ISR",2014,0
"2363","ISR",2015,0
"2364","ISR",2016,0
"2365","ISR",2017,0
"2366","ISR",2018,0
"2367","ISR",2019,0
"2368","ISR",2020,0
"2369","ISR",2021,0
"2370","CIV",2008,0
"2371","JAM",2008,0
"2372","JAM",2009,0
"2373","JAM",2010,0
"2374","JAM",2011,0
"2375","JAM",2012,0
"2376","JAM",2013,0
"2377","JAM",2014,0
"2378","JAM",2015,0
"2379","JAM",2016,0
"2380","JAM",2017,0
"2381","JAM",2018,0
"2382","JAM",2019,0
"2383","JEY",2008,0
"2384","JOR",2008,0
"2385","KAZ",1997,0
"2386","KAZ",1998,0
"2387","KAZ",1999,0
"2388","KAZ",2000,0
"2389","KAZ",2001,0
"2390","KAZ",2002,0
"2391","KAZ",2003,0
"2392","KAZ",2004,0
"2393","KAZ",2005,0
"2394","KAZ",2006,0
"2395","KAZ",2007,0
"2396","KAZ",2008,0
"2397","KAZ",2009,0
"2398","KAZ",2010,0
"2399","KAZ",2011,0
"2400","KAZ",2012,0
"2401","KAZ",2013,0
"2402","KAZ",2014,0
"2403","KAZ",2015,0
"2404","KAZ",2016,0
"2405","KAZ",2017,0
"2406","KAZ",2018,0
"2407","KAZ",2019,0
"2408","KAZ",2020,0
"2409","KAZ",2021,0
"2410","KEN",1999,0
"2411","KEN",2000,0
"2412","KEN",2001,0
"2413","KEN",2002,0
"2414","KEN",2003,0
"2415","KEN",2004,0
"2416","KEN",2005,0
"2417","KEN",2006,0
"2418","KEN",2007,0
"2419","KEN",2008,0
"2420","KEN",2009,0
"2421","KEN",2010,0
"2422","KEN",2011,0
"2423","KEN",2012,0
"2424","KEN",2013,0
"2425","KEN",2014,0
"2426","KEN",2015,0
"2427","KEN",2016,0
"2428","KEN",2017,0
"2429","KEN",2018,0
"2430","KWT",2008,0
"2431","LAO",2010,0
"2432","LAO",2011,0
"2433","LAO",2012,0
"2434","LAO",2013,0
"2435","LAO",2014,0
"2436","LAO",2015,0
"2437","LAO",2016,0
"2438","LAO",2017,0
"2439","LAO",2018,0
"2440","LAO",2019,0
"2441","LVA",2006,0
"2442","LVA",2007,0
"2443","LVA",2008,0
"2444","LVA",2009,0
"2445","LVA",2010,0
"2446","LVA",2011,0
"2447","LVA",2012,0
"2448","LVA",2013,0
"2449","LVA",2014,0
"2450","LVA",2015,0
"2451","LVA",2016,0
"2452","LVA",2017,0
"2453","LVA",2018,0
"2454","LVA",2019,0
"2455","LVA",2020,0
"2456","LVA",2021,0
"2457","LSO",2008,0
"2458","LTU",2006,0
"2459","LTU",2007,0
"2460","LTU",2008,0
"2461","LTU",2009,0
"2462","LTU",2010,0
"2463","LTU",2011,0
"2464","LTU",2012,0
"2465","LTU",2013,0
"2466","LTU",2014,0
"2467","LTU",2015,0
"2468","LTU",2016,0
"2469","LTU",2017,0
"2470","LTU",2018,0
"2471","LTU",2019,0
"2472","LTU",2020,0
"2473","LTU",2021,0
"2474","MAC",2021,0
"2475","MYS",2006,0
"2476","MYS",2020,0
"2477","MYS",2021,0
"2478","MLI",1991,0
"2479","MLI",1992,0
"2480","MLI",1993,0
"2481","MLI",1994,0
"2482","MLI",1995,0
"2483","MLI",1996,0
"2484","MLI",1997,0
"2485","MLI",1998,0
"2486","MLI",1999,0
"2487","MLI",2000,0
"2488","MLI",2001,0
"2489","MLI",2002,0
"2490","MLI",2003,0
"2491","MLI",2004,0
"2492","MLI",2005,0
"2493","MLI",2006,0
"2494","MLI",2007,0
"2495","MLI",2008,0
"2496","MLI",2009,0
"2497","MLI",2010,0
"2498","MLI",2011,0
"2499","MLI",2012,0
"2500","MLI",2013,0
"2501","MLI",2014,0
"2502","MLI",2015,0
"2503","MLI",2016,0
"2504","MLI",2017,0
"2505","MLI",2018,0
"2506","MRT",2006,0
"2507","MRT",2007,0
"2508","MRT",2009,0
"2509","MRT",2010,0
"2510","MRT",2011,0
"2511","MRT",2012,0
"2512","MRT",2013,0
"2513","MRT",2014,0
"2514","MRT",2015,0
"2515","MRT",2016,0
"2516","MRT",2017,0
"2517","MRT",2018,0
"2518","MUS",2006,0
"2519","MUS",2008,0
"2520","MEX",2006,0
"2521","MDA",2008,0
"2522","NAM",2005,0
"2523","NAM",2006,0
"2524","NAM",2007,0
"2525","NAM",2008,0
"2526","NAM",2009,0
"2527","NAM",2010,0
"2528","NAM",2011,0
"2529","NAM",2012,0
"2530","NAM",2013,0
"2531","NAM",2014,0
"2532","NAM",2015,0
"2533","NAM",2016,0
"2534","NAM",2017,0
"2535","NAM",2018,0
"2536","NAM",2019,0
"2537","NAM",2020,0
"2538","NAM",2021,0
"2539","NER",2000,0
"2540","NER",2001,0
"2541","NER",2002,0
"2542","NER",2003,0
"2543","NER",2004,0
"2544","NER",2005,0
"2545","NER",2006,0
"2546","NER",2007,0
"2547","NER",2008,0
"2548","NER",2009,0
"2549","NER",2010,0
"2550","NER",2011,0
"2551","NER",2012,0
"2552","NER",2013,0
"2553","NER",2014,0
"2554","NER",2015,0
"2555","NER",2016,0
"2556","NER",2017,0
"2557","NER",2018,0
"2558","NER",2019,0
"2559","NGA",2008,0
"2560","NGA",2009,0
"2561","NGA",2010,0
"2562","NGA",2011,0
"2563","NGA",2012,0
"2564","NGA",2013,0
"2565","NGA",2014,0
"2566","NGA",2015,0
"2567","NGA",2016,0
"2568","NGA",2017,0
"2569","NGA",2018,0
"2570","NGA",2019,0
"2571","NGA",2020,0
"2572","NGA",2021,0
"2573","OMN",2006,0
"2574","OMN",2007,0
"2575","OMN",2008,0
"2576","OMN",2009,0
"2577","OMN",2010,0
"2578","OMN",2011,0
"2579","OMN",2012,0
"2580","OMN",2013,0
"2581","OMN",2014,0
"2582","OMN",2015,0
"2583","OMN",2016,0
"2584","OMN",2017,0
"2585","OMN",2018,0
"2586","OMN",2019,0
"2587","PAK",1979,0
"2588","PAK",1980,0
"2589","PAK",1981,0
"2590","PAK",1982,0
"2591","PAK",1983,0
"2592","PAK",1984,0
"2593","PAK",1985,0
"2594","PAK",1986,0
"2595","PAK",1987,0
"2596","PAK",1988,0
"2597","PAK",1989,0
"2598","PAK",1990,0
"2599","PAK",1991,0
"2600","PAK",1992,0
"2601","PAK",1993,0
"2602","PAK",1994,0
"2603","PAK",1995,0
"2604","PAK",1996,0
"2605","PAK",1997,0
"2606","PAK",1998,0
"2607","PAK",1999,0
"2608","PAK",2000,0
"2609","PAK",2001,0
"2610","PAK",2002,0
"2611","PAK",2003,0
"2612","PAK",2004,0
"2613","PAK",2005,0
"2614","PAK",2006,0
"2615","PAK",2007,0
"2616","PAK",2008,0
"2617","PAK",2009,0
"2618","PAK",2010,0
"2619","PAK",2011,0
"2620","PAK",2012,0
"2621","PAK",2013,0
"2622","PAK",2014,0
"2623","PAK",2015,0
"2624","PAK",2016,0
"2625","PAK",2017,0
"2626","PAK",2018,0
"2627","PAK",2019,0
"2628","PAN",2005,0
"2629","PAN",2006,0
"2630","PAN",2007,0
"2631","PAN",2008,0
"2632","PAN",2009,0
"2633","PAN",2010,0
"2634","PAN",2011,0
"2635","PAN",2012,0
"2636","PAN",2013,0
"2637","PAN",2014,0
"2638","PAN",2015,0
"2639","PAN",2016,0
"2640","PAN",2017,0
"2641","PAN",2018,0
"2642","PAN",2019,0
"2643","PAN",2020,0
"2644","PAN",2021,0
"2645","PRT",2004,0
"2646","PRT",2005,0
"2647","PRT",2006,0
"2648","PRT",2007,0
"2649","PRT",2008,0
"2650","PRT",2009,0
"2651","PRT",2010,0
"2652","PRT",2011,0
"2653","PRT",2012,0
"2654","PRT",2013,0
"2655","PRT",2014,0
"2656","PRT",2015,0
"2657","PRT",2016,0
"2658","PRT",2017,0
"2659","PRT",2018,0
"2660","PRT",2019,0
"2661","PRT",2020,0
"2662","PRT",2021,0
"2663","QAT",1971,0
"2664","QAT",1972,0
"2665","QAT",1973,0
"2666","QAT",1974,0
"2667","QAT",1975,0
"2668","QAT",1976,0
"2669","QAT",1977,0
"2670","QAT",1978,0
"2671","QAT",1979,0
"2672","QAT",1980,0
"2673","QAT",1981,0
"2674","QAT",1982,0
"2675","QAT",1983,0
"2676","QAT",1984,0
"2677","QAT",1985,0
"2678","QAT",1986,0
"2679","QAT",1987,0
"2680","QAT",1988,0
"2681","QAT",1989,0
"2682","QAT",1990,0
"2683","QAT",1991,0
"2684","QAT",1992,0
"2685","QAT",1993,0
"2686","QAT",1994,0
"2687","QAT",1995,0
"2688","QAT",1996,0
"2689","QAT",1997,0
"2690","QAT",1998,0
"2691","QAT",1999,0
"2692","QAT",2000,0
"2693","QAT",2001,0
"2694","QAT",2002,0
"2695","QAT",2003,0
"2696","QAT",2004,0
"2697","QAT",2005,0
"2698","QAT",2006,0
"2699","QAT",2007,0
"2700","QAT",2008,0
"2701","QAT",2009,0
"2702","QAT",2010,0
"2703","QAT",2011,0
"2704","QAT",2012,0
"2705","QAT",2013,0
"2706","QAT",2014,0
"2707","QAT",2015,0
"2708","QAT",2016,0
"2709","QAT",2017,0
"2710","QAT",2018,0
"2711","QAT",2019,0
"2712","QAT",2020,0
"2713","QAT",2021,0
"2714","ROU",2006,0
"2715","ROU",2007,0
"2716","ROU",2008,0
"2717","ROU",2009,0
"2718","ROU",2010,0
"2719","ROU",2011,0
"2720","RUS",2006,0
"2721","RUS",2007,0
"2722","RUS",2008,0
"2723","RUS",2009,0
"2724","RUS",2010,0
"2725","RUS",2011,0
"2726","RUS",2012,0
"2727","RUS",2013,0
"2728","RUS",2014,0
"2729","RUS",2015,0
"2730","RUS",2016,0
"2731","RUS",2017,0
"2732","RUS",2018,0
"2733","RUS",2019,0
"2734","RWA",1995,0
"2735","RWA",1996,0
"2736","RWA",1997,0
"2737","RWA",1998,0
"2738","RWA",1999,0
"2739","RWA",2000,0
"2740","RWA",2001,0
"2741","RWA",2002,0
"2742","RWA",2003,0
"2743","RWA",2004,0
"2744","RWA",2005,0
"2745","RWA",2006,0
"2746","RWA",2007,0
"2747","RWA",2008,0
"2748","RWA",2009,0
"2749","RWA",2010,0
"2750","RWA",2011,0
"2751","RWA",2012,0
"2752","RWA",2013,0
"2753","RWA",2014,0
"2754","RWA",2015,0
"2755","RWA",2016,0
"2756","RWA",2017,0
"2757","RWA",2018,0
"2758","RWA",2019,0
"2759","LCA",1990,0
"2760","LCA",1991,0
"2761","LCA",1992,0
"2762","LCA",1993,0
"2763","LCA",1994,0
"2764","LCA",1995,0
"2765","LCA",1996,0
"2766","LCA",1997,0
"2767","LCA",1998,0
"2768","LCA",1999,0
"2769","LCA",2000,0
"2770","LCA",2001,0
"2771","LCA",2002,0
"2772","LCA",2003,0
"2773","LCA",2004,0
"2774","LCA",2005,0
"2775","LCA",2006,0
"2776","LCA",2007,0
"2777","LCA",2008,0
"2778","LCA",2009,0
"2779","LCA",2010,0
"2780","LCA",2011,0
"2781","LCA",2012,0
"2782","LCA",2013,0
"2783","LCA",2014,0
"2784","LCA",2015,0
"2785","LCA",2016,0
"2786","LCA",2017,0
"2787","LCA",2018,0
"2788","LCA",2019,0
"2789","LCA",2020,0
"2790","LCA",2021,0
"2791","WSM",2005,0
"2792","WSM",2006,0
"2793","WSM",2007,0
"2794","WSM",2008,0
"2795","WSM",2009,0
"2796","SAU",1992,0
"2797","SAU",1993,0
"2798","SAU",1994,0
"2799","SAU",1995,0
"2800","SAU",1996,0
"2801","SAU",1997,0
"2802","SAU",1998,0
"2803","SAU",1999,0
"2804","SAU",2000,0
"2805","SAU",2001,0
"2806","SAU",2002,0
"2807","SAU",2003,0
"2808","SAU",2004,0
"2809","SAU",2005,0
"2810","SAU",2006,0
"2811","SAU",2007,0
"2812","SAU",2008,0
"2813","SAU",2009,0
"2814","SAU",2010,0
"2815","SAU",2011,0
"2816","SAU",2012,0
"2817","SAU",2013,0
"2818","SAU",2014,0
"2819","SAU",2015,0
"2820","SAU",2016,0
"2821","SAU",2017,0
"2822","SAU",2018,0
"2823","SAU",2019,0
"2824","SAU",2020,0
"2825","SAU",2021,0
"2826","SYC",2002,0
"2827","SYC",2003,0
"2828","SYC",2004,0
"2829","SYC",2005,0
"2830","SYC",2006,0
"2831","SYC",2007,0
"2832","SYC",2008,0
"2833","SYC",2009,0
"2834","SYC",2010,0
"2835","SYC",2011,0
"2836","SYC",2012,0
"2837","SYC",2013,0
"2838","SYC",2014,0
"2839","SYC",2015,0
"2840","SYC",2016,0
"2841","SYC",2017,0
"2842","SYC",2018,0
"2843","SYC",2019,0
"2844","SVK",2005,0
"2845","SVK",2006,0
"2846","SVK",2007,0
"2847","SVK",2008,0
"2848","SVK",2009,0
"2849","SVK",2010,0
"2850","SVK",2011,0
"2851","SVK",2012,0
"2852","SVK",2013,0
"2853","SVK",2014,0
"2854","SVK",2015,0
"2855","SVK",2016,0
"2856","SVK",2017,0
"2857","SVK",2018,0
"2858","SVK",2019,0
"2859","SVK",2020,0
"2860","SVK",2021,0
"2861","SVN",2006,0
"2862","SVN",2007,0
"2863","SVN",2008,0
"2864","SVN",2009,0
"2865","SVN",2010,0
"2866","SVN",2011,0
"2867","SVN",2012,0
"2868","SVN",2013,0
"2869","SVN",2014,0
"2870","SVN",2015,0
"2871","SVN",2017,0
"2872","SVN",2018,0
"2873","SVN",2019,0
"2874","SVN",2020,0
"2875","SVN",2021,0
"2876","SLB",2007,0
"2877","SLB",2008,0
"2878","SLB",2009,0
"2879","SLB",2010,0
"2880","SLB",2011,0
"2881","SLB",2012,0
"2882","SLB",2013,0
"2883","SLB",2014,0
"2884","SLB",2015,0
"2885","SLB",2016,0
"2886","SLB",2017,0
"2887","SLB",2018,0
"2888","SLB",2019,0
"2889","LKA",1986,0
"2890","LKA",1987,0
"2891","LKA",1988,0
"2892","LKA",1989,0
"2893","LKA",1990,0
"2894","LKA",1991,0
"2895","LKA",1992,0
"2896","LKA",1993,0
"2897","LKA",1994,0
"2898","LKA",1995,0
"2899","LKA",1996,0
"2900","LKA",1997,0
"2901","LKA",1998,0
"2902","LKA",1999,0
"2903","LKA",2000,0
"2904","LKA",2001,0
"2905","LKA",2002,0
"2906","LKA",2003,0
"2907","LKA",2004,0
"2908","LKA",2005,0
"2909","LKA",2006,0
"2910","LKA",2007,0
"2911","LKA",2008,0
"2912","LKA",2009,0
"2913","LKA",2010,0
"2914","LKA",2011,0
"2915","LKA",2012,0
"2916","LKA",2013,0
"2917","LKA",2014,0
"2918","LKA",2015,0
"2919","LKA",2016,0
"2920","LKA",2017,0
"2921","LKA",2018,0
"2922","LKA",2019,0
"2923","LKA",2020,0
"2924","LKA",2021,0
"2925","CHE",2006,0
"2926","CHE",2007,0
"2927","CHE",2008,0
"2928","CHE",2009,0
"2929","CHE",2010,0
"2930","CHE",2011,0
"2931","CHE",2012,0
"2932","CHE",2013,0
"2933","CHE",2014,0
"2934","CHE",2015,0
"2935","CHE",2016,0
"2936","CHE",2017,0
"2937","CHE",2018,0
"2938","CHE",2019,0
"2939","CHE",2020,0
"2940","CHE",2021,0
"2941","SYR",2006,0
"2942","SYR",2007,0
"2943","SYR",2008,0
"2944","SYR",2009,0
"2945","SYR",2010,0
"2946","SYR",2011,0
"2947","TZA",2006,0
"2948","TZA",2007,0
"2949","TZA",2008,0
"2950","TZA",2009,0
"2951","TZA",2010,0
"2952","TZA",2011,0
"2953","TGO",1994,0
"2954","TGO",1995,0
"2955","TGO",1996,0
"2956","TGO",1997,0
"2957","TGO",1998,0
"2958","TGO",1999,0
"2959","TGO",2000,0
"2960","TGO",2001,0
"2961","TGO",2002,0
"2962","TGO",2003,0
"2963","TGO",2004,0
"2964","TGO",2005,0
"2965","TGO",2006,0
"2966","TGO",2007,0
"2967","TGO",2008,0
"2968","TGO",2009,0
"2969","TGO",2010,0
"2970","TGO",2011,0
"2971","TGO",2012,0
"2972","TGO",2013,0
"2973","TTO",1990,0
"2974","TTO",1991,0
"2975","TTO",1992,0
"2976","TTO",1993,0
"2977","TTO",1994,0
"2978","TTO",1995,0
"2979","TTO",1996,0
"2980","TTO",1997,0
"2981","TTO",1998,0
"2982","TTO",1999,0
"2983","TTO",2000,0
"2984","TTO",2001,0
"2985","TTO",2002,0
"2986","TTO",2003,0
"2987","TTO",2004,0
"2988","TTO",2005,0
"2989","TTO",2006,0
"2990","TTO",2007,0
"2991","TTO",2008,0
"2992","TTO",2009,0
"2993","TTO",2010,0
"2994","TTO",2011,0
"2995","TTO",2012,0
"2996","TTO",2013,0
"2997","TTO",2014,0
"2998","TTO",2015,0
"2999","TTO",2016,0
"3000","TTO",2017,0
"3001","TTO",2018,0
"3002","TTO",2019,0
"3003","TTO",2020,0
"3004","TTO",2021,0
"3005","TUN",1990,0
"3006","TUN",1991,0
"3007","TUN",1992,0
"3008","TUN",1993,0
"3009","TUN",1994,0
"3010","TUN",1995,0
"3011","TUN",1996,0
"3012","TUN",1997,0
"3013","TUN",1998,0
"3014","TUN",1999,0
"3015","TUN",2000,0
"3016","TUN",2001,0
"3017","TUN",2002,0
"3018","UGA",2006,0
"3019","UGA",2007,0
"3020","UGA",2008,0
"3021","UGA",2009,0
"3022","UGA",2010,0
"3023","UGA",2011,0
"3024","ARE",2006,0
"3025","ARE",2007,0
"3026","ARE",2008,0
"3027","ARE",2009,0
"3028","ARE",2010,0
"3029","ARE",2011,0
"3030","VNM",2003,0
"3031","VNM",2004,0
"3032","VNM",2005,0
"3033","VNM",2006,0
"3034","VNM",2007,0
"3035","VNM",2008,0
"3036","VNM",2009,0
"3037","VNM",2010,0
"3038","VNM",2011,0
"3039","VNM",2012,0
"3040","VNM",2013,0
"3041","VNM",2014,0
"3042","VNM",2015,0
"3043","VNM",2016,0
"3044","VNM",2017,0
"3045","VNM",2018,0
"3046","VNM",2019,0
"3047","ZMB",2006,0
"3048","ZMB",2007,0
"3049","ZMB",2008,0
"3050","ZMB",2009,0
"3051","ZMB",2010,0
"3052","ZMB",2011,0
